{"stats":{"minecraft:custom":{"minecraft:open_barrel":12,"minecraft:time_since_rest":103,"minecraft:crouch_one_cm":1570,"minecraft:sprint_one_cm":80519,"minecraft:play_time":94405,"minecraft:deaths":3,"minecraft:walk_one_cm":106071,"minecraft:sneak_time":1931,"minecraft:drop":1,"minecraft:jump":783,"minecraft:leave_game":10,"minecraft:time_since_death":79,"minecraft:total_world_time":136819,"minecraft:fly_one_cm":693892},"minecraft:dropped":{"minecraft:spruce_planks":1},"minecraft:used":{"minecraft:redstone_torch":3,"minecraft:white_wool":2,"minecraft:black_wool":2,"minecraft:light_gray_wool":4,"minecraft:glass":11,"minecraft:glow_item_frame":10,"minecraft:lever":16,"minecraft:repeater":4,"minecraft:diamond_block":8,"minecraft:lava_bucket":13,"minecraft:redstone_lamp":31,"minecraft:comparator":16,"minecraft:written_book":1,"minecraft:light_blue_wool":9,"minecraft:redstone":87,"minecraft:lime_wool":5,"minecraft:orange_wool":12,"minecraft:oak_sign":2,"minecraft:gold_block":407,"minecraft:chest":1,"minecraft:sandstone":212,"minecraft:cherry_sign":5,"minecraft:red_dye":1,"minecraft:diamond_ore":32,"minecraft:glow_ink_sac":1,"minecraft:writable_book":100,"minecraft:barrel":2},"minecraft:picked_up":{"minecraft:spruce_planks":1}},"DataVersion":3465}