{"stats":{"minecraft:dropped":{"minecraft:spruce_planks":1},"minecraft:used":{"minecraft:redstone_torch":97,"minecraft:writable_book":219,"minecraft:white_wool":2,"minecraft:light_gray_wool":174,"minecraft:glass":11,"minecraft:glow_item_frame":28,"minecraft:lever":61,"minecraft:black_wool":2,"minecraft:repeater":43,"minecraft:diamond_block":26,"minecraft:lava_bucket":13,"minecraft:redstone_lamp":118,"minecraft:comparator":34,"minecraft:command_block":1,"minecraft:written_book":9,"minecraft:red_wool":22,"minecraft:light_gray_concrete":1,"minecraft:iron_block":165,"minecraft:light_blue_wool":65,"minecraft:redstone":744,"minecraft:orange_wool":205,"minecraft:lime_wool":61,"minecraft:stone_button":1,"minecraft:oak_sign":2,"minecraft:gold_block":917,"minecraft:chest":1,"minecraft:sandstone":413,"minecraft:cherry_sign":29,"minecraft:red_dye":1,"minecraft:pink_wool":1,"minecraft:glow_ink_sac":21,"minecraft:barrel":2},"minecraft:picked_up":{"minecraft:spruce_planks":1},"minecraft:custom":{"minecraft:open_barrel":12,"minecraft:time_since_rest":240021,"minecraft:crouch_one_cm":3563,"minecraft:sprint_one_cm":163080,"minecraft:play_time":240021,"minecraft:walk_one_cm":178419,"minecraft:sneak_time":9392,"minecraft:drop":1,"minecraft:jump":1910,"minecraft:leave_game":26,"minecraft:time_since_death":240021,"minecraft:total_world_time":357028,"minecraft:fly_one_cm":3019894}},"DataVersion":3465}